{"nm":"14- Shopping cart","mn":"","layers":[{"ty":3,"nm":"Main Stroke width- Color Ctrl","mn":"","sr":1,"st":0,"op":50,"ip":0,"hd":false,"cl":"","ln":"","ddd":0,"bm":0,"tt":0,"hasMask":false,"td":0,"ao":0,"ks":{"a":{"a":0,"k":[50,50,0],"ix":1},"s":{"a":0,"k":[100,100,100],"ix":6},"sk":{"a":0,"k":0},"p":{"a":0,"k":[0,0,0],"ix":2},"sa":{"a":0,"k":0},"o":{"a":0,"k":0,"ix":11},"r":{"a":0,"k":0,"ix":10}},"ef":[{"ty":5,"mn":"ADBE Slider Control","nm":"Stroke width","ix":1,"en":1,"ef":[{"ty":0,"mn":"ADBE Slider Control-0001","nm":"Slider","ix":1,"v":{"a":0,"k":16,"ix":1}}]}],"ind":0,"parent":5,"completed":true},{"ty":4,"nm":"Bag mask","mn":"","sr":1,"st":0,"op":50,"ip":0,"hd":false,"cl":"","ln":"","ddd":0,"bm":0,"tt":0,"hasMask":false,"td":1,"ao":0,"ks":{"a":{"a":0,"k":[0,0,0],"ix":1},"s":{"a":0,"k":[100,100,100],"ix":6},"sk":{"a":0,"k":0},"p":{"a":0,"k":[0,0,0],"ix":2},"sa":{"a":0,"k":0},"o":{"a":0,"k":100,"ix":11},"r":{"a":0,"k":0,"ix":10}},"ef":[],"shapes":[{"ty":"gr","bm":0,"cl":"","ln":"","hd":false,"mn":"ADBE Vector Group","nm":"Group 1","ix":1,"cix":2,"np":2,"it":[{"ty":"sh","bm":0,"cl":"","ln":"","hd":false,"mn":"ADBE Vector Shape - Group","nm":"Path 1","ix":1,"d":1,"ks":{"a":0,"k":{"c":false,"i":[[82.832,16.26],[62.013,183.003]],"o":[[82.832,16.26],[62.013,183.003]],"v":[[82.832,16.26],[62.013,183.003]]},"ix":2},"_render":true},{"ty":"st","bm":0,"cl":"","ln":"","hd":false,"mn":"ADBE Vector Graphic - Stroke","nm":"Stroke 1","lc":2,"lj":2,"ml":1,"o":{"a":0,"k":100,"ix":4},"w":{"a":0,"k":16,"ix":5},"d":[],"c":{"a":0,"k":[0.3333,0,0,1],"ix":3},"_render":true},{"ty":"tr","a":{"a":0,"k":[0,0],"ix":1},"s":{"a":0,"k":[100,100],"ix":3},"sk":{"a":0,"k":0,"ix":4},"p":{"a":0,"k":[0,0],"ix":2},"r":{"a":0,"k":0,"ix":6},"sa":{"a":0,"k":0,"ix":5},"o":{"a":0,"k":100,"ix":7},"_render":true}],"_render":true},{"ty":"gr","bm":0,"cl":"","ln":"","hd":false,"mn":"ADBE Vector Group","nm":"Group 2","ix":2,"cix":2,"np":2,"it":[{"ty":"sh","bm":0,"cl":"","ln":"","hd":false,"mn":"ADBE Vector Shape - Group","nm":"Path 1","ix":1,"d":1,"ks":{"a":0,"k":{"c":false,"i":[[-143.878,99.575],[143.848,99.575]],"o":[[-143.878,99.575],[143.848,99.575]],"v":[[-143.878,99.575],[143.848,99.575]]},"ix":2},"_render":true},{"ty":"st","bm":0,"cl":"","ln":"","hd":false,"mn":"ADBE Vector Graphic - Stroke","nm":"Stroke 1","lc":2,"lj":2,"ml":1,"o":{"a":0,"k":100,"ix":4},"w":{"a":0,"k":16,"ix":5},"d":[],"c":{"a":0,"k":[0.3333,0,0,1],"ix":3},"_render":true},{"ty":"tr","a":{"a":0,"k":[0,0],"ix":1},"s":{"a":0,"k":[100,100],"ix":3},"sk":{"a":0,"k":0,"ix":4},"p":{"a":0,"k":[0,0],"ix":2},"r":{"a":0,"k":0,"ix":6},"sa":{"a":0,"k":0,"ix":5},"o":{"a":0,"k":100,"ix":7},"_render":true}],"_render":true},{"ty":"gr","bm":0,"cl":"","ln":"","hd":false,"mn":"ADBE Vector Group","nm":"Group 3","ix":3,"cix":2,"np":2,"it":[{"ty":"sh","bm":0,"cl":"","ln":"","hd":false,"mn":"ADBE Vector Shape - Group","nm":"Path 1","ix":1,"d":1,"ks":{"a":0,"k":{"c":false,"i":[[0.015,16.26],[0.015,183.003]],"o":[[0.015,16.26],[0.015,183.003]],"v":[[0.015,16.26],[0.015,183.003]]},"ix":2},"_render":true},{"ty":"st","bm":0,"cl":"","ln":"","hd":false,"mn":"ADBE Vector Graphic - Stroke","nm":"Stroke 1","lc":2,"lj":2,"ml":1,"o":{"a":0,"k":100,"ix":4},"w":{"a":0,"k":16,"ix":5},"d":[],"c":{"a":0,"k":[0.3333,0,0,1],"ix":3},"_render":true},{"ty":"tr","a":{"a":0,"k":[0,0],"ix":1},"s":{"a":0,"k":[100,100],"ix":3},"sk":{"a":0,"k":0,"ix":4},"p":{"a":0,"k":[0,0],"ix":2},"r":{"a":0,"k":0,"ix":6},"sa":{"a":0,"k":0,"ix":5},"o":{"a":0,"k":100,"ix":7},"_render":true}],"_render":true},{"ty":"gr","bm":0,"cl":"","ln":"","hd":false,"mn":"ADBE Vector Group","nm":"Group 4","ix":4,"cix":2,"np":2,"it":[{"ty":"sh","bm":0,"cl":"","ln":"","hd":false,"mn":"ADBE Vector Shape - Group","nm":"Path 1","ix":1,"d":1,"ks":{"a":0,"k":{"c":false,"i":[[-82.829,16.187],[-61.983,183.003]],"o":[[-82.829,16.187],[-61.983,183.003]],"v":[[-82.829,16.187],[-61.983,183.003]]},"ix":2},"_render":true},{"ty":"st","bm":0,"cl":"","ln":"","hd":false,"mn":"ADBE Vector Graphic - Stroke","nm":"Stroke 1","lc":2,"lj":2,"ml":1,"o":{"a":0,"k":100,"ix":4},"w":{"a":0,"k":16,"ix":5},"d":[],"c":{"a":0,"k":[0.3333,0,0,1],"ix":3},"_render":true},{"ty":"tr","a":{"a":0,"k":[0,0],"ix":1},"s":{"a":0,"k":[100,100],"ix":3},"sk":{"a":0,"k":0,"ix":4},"p":{"a":0,"k":[0,0],"ix":2},"r":{"a":0,"k":0,"ix":6},"sa":{"a":0,"k":0,"ix":5},"o":{"a":0,"k":100,"ix":7},"_render":true}],"_render":true},{"ty":"gr","bm":0,"cl":"","ln":"","hd":false,"mn":"ADBE Vector Group","nm":"Group 5","ix":5,"cix":2,"np":2,"it":[{"ty":"sh","bm":0,"cl":"","ln":"","hd":false,"mn":"ADBE Vector Shape - Group","nm":"Path 1","ix":1,"d":1,"ks":{"a":0,"k":{"c":true,"i":[[123.735,183.003],[-123.81,183.003],[-163.926,16.219],[163.944,16.219]],"o":[[123.735,183.003],[-123.81,183.003],[-163.926,16.219],[163.944,16.219]],"v":[[123.735,183.003],[-123.81,183.003],[-163.926,16.219],[163.944,16.219]]},"ix":2},"_render":true},{"ty":"st","bm":0,"cl":"","ln":"","hd":false,"mn":"ADBE Vector Graphic - Stroke","nm":"Stroke 1","lc":2,"lj":2,"ml":1,"o":{"a":0,"k":100,"ix":4},"w":{"a":0,"k":16,"ix":5},"d":[],"c":{"a":0,"k":[0.3333,0,0,1],"ix":3},"_render":true},{"ty":"tr","a":{"a":0,"k":[0,0],"ix":1},"s":{"a":0,"k":[100,100],"ix":3},"sk":{"a":0,"k":0,"ix":4},"p":{"a":0,"k":[0,0],"ix":2},"r":{"a":0,"k":0,"ix":6},"sa":{"a":0,"k":0,"ix":5},"o":{"a":0,"k":100,"ix":7},"_render":true}],"_render":true},{"ty":"gr","bm":0,"cl":"","ln":"","hd":false,"mn":"ADBE Vector Group","nm":"Group 6","ix":6,"cix":2,"np":2,"it":[{"ty":"sh","bm":0,"cl":"","ln":"","hd":false,"mn":"ADBE Vector Shape - Group","nm":"Path 1","ix":1,"d":1,"ks":{"a":0,"k":{"c":true,"i":[[177.081,16.219],[-171.381,16.219],[-181.701,11.599],[-181.701,-19.29],[-177.081,-29.61],[171.381,-29.61],[181.701,-24.99],[181.701,5.899]],"o":[[171.381,16.219],[-177.081,16.219],[-181.701,5.899],[-181.701,-24.99],[-171.381,-29.61],[177.081,-29.61],[181.701,-19.29],[181.701,11.599]],"v":[[171.381,16.219],[-171.381,16.219],[-181.701,5.899],[-181.701,-19.29],[-171.381,-29.61],[171.381,-29.61],[181.701,-19.29],[181.701,5.899]]},"ix":2},"_render":true},{"ty":"st","bm":0,"cl":"","ln":"","hd":false,"mn":"ADBE Vector Graphic - Stroke","nm":"Stroke 1","lc":2,"lj":2,"ml":1,"o":{"a":0,"k":100,"ix":4},"w":{"a":0,"k":16,"ix":5},"d":[],"c":{"a":0,"k":[0.3333,0,0,1],"ix":3},"_render":true},{"ty":"tr","a":{"a":0,"k":[0,0],"ix":1},"s":{"a":0,"k":[100,100],"ix":3},"sk":{"a":0,"k":0,"ix":4},"p":{"a":0,"k":[0,0],"ix":2},"r":{"a":0,"k":0,"ix":6},"sa":{"a":0,"k":0,"ix":5},"o":{"a":0,"k":100,"ix":7},"_render":true}],"_render":true},{"ty":"fl","bm":0,"cl":"","ln":"","hd":false,"mn":"ADBE Vector Graphic - Fill","nm":"Fill 1","c":{"a":0,"k":[0.3333,0,0,1],"ix":4},"r":1,"o":{"a":0,"k":100,"ix":5},"_render":true}],"ind":1,"parent":3,"completed":true},{"ty":0,"nm":"Products","mn":"","sr":1,"st":0,"op":50,"ip":0,"hd":false,"cl":"","ln":"","ddd":0,"bm":0,"tt":2,"hasMask":false,"td":0,"ao":0,"ks":{"a":{"a":0,"k":[250,250,0],"ix":1},"s":{"a":0,"k":[100,100,100],"ix":6},"sk":{"a":0,"k":0},"p":{"a":0,"k":[50,50,0],"ix":2},"sa":{"a":0,"k":0},"o":{"a":0,"k":100,"ix":11},"r":{"a":0,"k":0,"ix":10}},"ef":[],"w":500,"h":500,"refId":"comp_0","ind":2,"parent":0,"completed":true,"layers":[{"ty":4,"nm":"Product 3","mn":"","sr":1,"st":0,"op":50,"ip":0,"hd":false,"cl":"","ln":"","ddd":0,"bm":0,"tt":0,"hasMask":false,"td":0,"ao":0,"ks":{"a":{"a":0,"k":[-78.5,-47,0],"ix":1},"s":{"a":0,"k":[100,100,100],"ix":6},"sk":{"a":0,"k":0},"p":{"a":1,"k":[{"o":{"x":0.167,"y":0},"i":{"x":0.46,"y":1},"s":[127.5,298,0],"t":12},{"o":{"x":0.167,"y":0},"i":{"x":0.46,"y":1},"s":[127.5,196,0],"t":21.385},{"o":{"x":0.167,"y":0.167},"i":{"x":0.833,"y":0.833},"s":[127.5,278,0],"t":31}],"ix":2},"sa":{"a":0,"k":0},"o":{"a":0,"k":100,"ix":11},"r":{"a":0,"k":0,"ix":10}},"ef":[],"shapes":[{"ty":"gr","bm":0,"cl":"","ln":"","hd":false,"mn":"ADBE Vector Group","nm":"Shape 1","ix":1,"cix":2,"np":3,"it":[{"ty":"sh","bm":0,"cl":"","ln":"","hd":false,"mn":"ADBE Vector Shape - Group","nm":"Path 1","ix":1,"d":1,"ks":{"a":0,"k":{"c":true,"i":[[-75,-82],[-105,-20],[-52,-12]],"o":[[-75,-82],[-105,-20],[-52,-12]],"v":[[-75,-82],[-105,-20],[-52,-12]]},"ix":2},"_render":true},{"ty":"st","bm":0,"cl":"","ln":"","hd":false,"mn":"ADBE Vector Graphic - Stroke","nm":"Stroke 1","lc":2,"lj":2,"ml":1,"o":{"a":0,"k":100,"ix":4},"w":{"a":0,"k":16,"ix":5},"d":[],"c":{"a":0,"k":[0.3333,0,0,1],"ix":3},"_render":true},{"ty":"tr","a":{"a":0,"k":[0,0],"ix":1},"s":{"a":0,"k":[100,100],"ix":3},"sk":{"a":0,"k":0,"ix":4},"p":{"a":0,"k":[0,0],"ix":2},"r":{"a":0,"k":0,"ix":6},"sa":{"a":0,"k":0,"ix":5},"o":{"a":0,"k":100,"ix":7},"_render":true}],"_render":true}],"ind":0,"completed":true},{"ty":4,"nm":"Product 1","mn":"","sr":1,"st":0,"op":50,"ip":0,"hd":false,"cl":"","ln":"","ddd":0,"bm":0,"tt":0,"hasMask":false,"td":0,"ao":0,"ks":{"a":{"a":0,"k":[0,0,0],"ix":1},"s":{"a":0,"k":[100,100,100],"ix":6},"sk":{"a":0,"k":0},"p":{"a":1,"k":[{"o":{"x":0.54,"y":0},"i":{"x":0.46,"y":1},"s":[255,337,0],"t":9.846},{"o":{"x":0.167,"y":0},"i":{"x":0.46,"y":1},"s":[282,206,0],"t":19.462},{"o":{"x":0.167,"y":0.167},"i":{"x":0.833,"y":0.833},"s":[282,345,0],"t":31}],"ix":2},"sa":{"a":0,"k":0},"o":{"a":0,"k":100,"ix":11},"r":{"a":0,"k":0,"ix":10}},"ef":[],"shapes":[{"ty":"gr","bm":0,"cl":"","ln":"","hd":false,"mn":"ADBE Vector Group","nm":"Shape 1","ix":1,"cix":2,"np":3,"it":[{"ty":"sh","bm":0,"cl":"","ln":"","hd":false,"mn":"ADBE Vector Shape - Group","nm":"Path 1","ix":1,"d":1,"ks":{"a":0,"k":{"c":true,"i":[[94.075,-46.236999999999995],[1,-113],[25,71],[87,42]],"o":[[65,-127],[-2.0389999999999997,-47.663],[25,71],[87,42]],"v":[[83,-77],[-1,-70],[25,71],[87,42]]},"ix":2},"_render":true},{"ty":"st","bm":0,"cl":"","ln":"","hd":false,"mn":"ADBE Vector Graphic - Stroke","nm":"Stroke 1","lc":1,"lj":1,"ml":4,"o":{"a":0,"k":100,"ix":4},"w":{"a":0,"k":16,"ix":5},"d":[],"c":{"a":0,"k":[0.3333,0,0,1],"ix":3},"_render":true},{"ty":"tr","a":{"a":0,"k":[0,0],"ix":1},"s":{"a":0,"k":[100,100],"ix":3},"sk":{"a":0,"k":0,"ix":4},"p":{"a":0,"k":[0,0],"ix":2},"r":{"a":0,"k":0,"ix":6},"sa":{"a":0,"k":0,"ix":5},"o":{"a":0,"k":100,"ix":7},"_render":true}],"_render":true}],"ind":1,"completed":true},{"ty":4,"nm":"Product 2","mn":"","sr":1,"st":0,"op":50,"ip":0,"hd":false,"cl":"","ln":"","ddd":0,"bm":0,"tt":0,"hasMask":false,"td":0,"ao":0,"ks":{"a":{"a":0,"k":[-53,50,0],"ix":1},"s":{"a":0,"k":[100,100,100],"ix":6},"sk":{"a":0,"k":0},"p":{"a":1,"k":[{"o":{"x":0.54,"y":0},"i":{"x":0.46,"y":1},"s":[233,297,0],"t":6},{"o":{"x":0.54,"y":0},"i":{"x":0.46,"y":1},"s":[226,154,0],"t":15.615},{"o":{"x":0.167,"y":0.167},"i":{"x":0.833,"y":0.833},"s":[226,283,0],"t":31}],"ix":2},"sa":{"a":0,"k":0},"o":{"a":0,"k":100,"ix":11},"r":{"a":0,"k":0,"ix":10}},"ef":[],"shapes":[{"ty":"gr","bm":0,"cl":"","ln":"","hd":false,"mn":"ADBE Vector Group","nm":"Ellipse 1","ix":1,"cix":2,"np":3,"it":[{"ty":"el","bm":0,"cl":"","ln":"","hd":false,"mn":"ADBE Vector Shape - Ellipse","nm":"Ellipse Path 1","d":1,"p":{"a":0,"k":[0,0],"ix":3},"s":{"a":0,"k":[110,110],"ix":2},"_render":true},{"ty":"st","bm":0,"cl":"","ln":"","hd":false,"mn":"ADBE Vector Graphic - Stroke","nm":"Stroke 1","lc":1,"lj":1,"ml":4,"o":{"a":0,"k":100,"ix":4},"w":{"a":0,"k":16,"ix":5},"d":[],"c":{"a":0,"k":[1,0.5569,0.2275,1],"ix":3},"_render":true},{"ty":"tr","a":{"a":0,"k":[0,0],"ix":1},"s":{"a":0,"k":[100,100],"ix":3},"sk":{"a":0,"k":0,"ix":4},"p":{"a":0,"k":[-53,50],"ix":2},"r":{"a":0,"k":0,"ix":6},"sa":{"a":0,"k":0,"ix":5},"o":{"a":0,"k":100,"ix":7},"_render":true}],"_render":true}],"ind":2,"completed":true}]},{"ty":4,"nm":"Bag","mn":"","sr":1,"st":0,"op":50,"ip":0,"hd":false,"cl":"","ln":"","ddd":0,"bm":0,"tt":0,"hasMask":false,"td":0,"ao":0,"ks":{"a":{"a":0,"k":[0,76.697,0],"ix":1},"s":{"a":0,"k":[100,100,100],"ix":6},"sk":{"a":0,"k":0},"p":{"a":0,"k":[50,126.697,0],"ix":2},"sa":{"a":0,"k":0},"o":{"a":0,"k":100,"ix":11},"r":{"a":1,"k":[{"o":{"x":0.31,"y":0},"i":{"x":0.69,"y":1},"s":[0],"t":0},{"o":{"x":0.31,"y":0},"i":{"x":0.69,"y":1},"s":[-17],"t":7.5},{"o":{"x":0.31,"y":0},"i":{"x":0.69,"y":1},"s":[7],"t":15},{"o":{"x":0.167,"y":0.167},"i":{"x":0.833,"y":0.833},"s":[0],"t":21}],"ix":10}},"ef":[],"shapes":[{"ty":"gr","bm":0,"cl":"","ln":"","hd":false,"mn":"ADBE Vector Group","nm":"Group 1","ix":1,"cix":2,"np":2,"it":[{"ty":"sh","bm":0,"cl":"","ln":"","hd":false,"mn":"ADBE Vector Shape - Group","nm":"Path 1","ix":1,"d":1,"ks":{"a":0,"k":{"c":false,"i":[[82.832,16.26],[62.013,183.003]],"o":[[82.832,16.26],[62.013,183.003]],"v":[[82.832,16.26],[62.013,183.003]]},"ix":2},"_render":true},{"ty":"st","bm":0,"cl":"","ln":"","hd":false,"mn":"ADBE Vector Graphic - Stroke","nm":"Stroke 1","lc":2,"lj":2,"ml":1,"o":{"a":0,"k":100,"ix":4},"w":{"a":0,"k":16,"ix":5},"d":[],"c":{"a":0,"k":[0.3333,0,0,1],"ix":3},"_render":true},{"ty":"tr","a":{"a":0,"k":[0,0],"ix":1},"s":{"a":0,"k":[100,100],"ix":3},"sk":{"a":0,"k":0,"ix":4},"p":{"a":0,"k":[0,0],"ix":2},"r":{"a":0,"k":0,"ix":6},"sa":{"a":0,"k":0,"ix":5},"o":{"a":0,"k":100,"ix":7},"_render":true}],"_render":true},{"ty":"gr","bm":0,"cl":"","ln":"","hd":false,"mn":"ADBE Vector Group","nm":"Group 2","ix":2,"cix":2,"np":2,"it":[{"ty":"sh","bm":0,"cl":"","ln":"","hd":false,"mn":"ADBE Vector Shape - Group","nm":"Path 1","ix":1,"d":1,"ks":{"a":0,"k":{"c":false,"i":[[-143.878,99.575],[143.848,99.575]],"o":[[-143.878,99.575],[143.848,99.575]],"v":[[-143.878,99.575],[143.848,99.575]]},"ix":2},"_render":true},{"ty":"st","bm":0,"cl":"","ln":"","hd":false,"mn":"ADBE Vector Graphic - Stroke","nm":"Stroke 1","lc":2,"lj":2,"ml":1,"o":{"a":0,"k":100,"ix":4},"w":{"a":0,"k":16,"ix":5},"d":[],"c":{"a":0,"k":[0.3333,0,0,1],"ix":3},"_render":true},{"ty":"tr","a":{"a":0,"k":[0,0],"ix":1},"s":{"a":0,"k":[100,100],"ix":3},"sk":{"a":0,"k":0,"ix":4},"p":{"a":0,"k":[0,0],"ix":2},"r":{"a":0,"k":0,"ix":6},"sa":{"a":0,"k":0,"ix":5},"o":{"a":0,"k":100,"ix":7},"_render":true}],"_render":true},{"ty":"gr","bm":0,"cl":"","ln":"","hd":false,"mn":"ADBE Vector Group","nm":"Group 3","ix":3,"cix":2,"np":2,"it":[{"ty":"sh","bm":0,"cl":"","ln":"","hd":false,"mn":"ADBE Vector Shape - Group","nm":"Path 1","ix":1,"d":1,"ks":{"a":0,"k":{"c":false,"i":[[0.015,16.26],[0.015,183.003]],"o":[[0.015,16.26],[0.015,183.003]],"v":[[0.015,16.26],[0.015,183.003]]},"ix":2},"_render":true},{"ty":"st","bm":0,"cl":"","ln":"","hd":false,"mn":"ADBE Vector Graphic - Stroke","nm":"Stroke 1","lc":2,"lj":2,"ml":1,"o":{"a":0,"k":100,"ix":4},"w":{"a":0,"k":16,"ix":5},"d":[],"c":{"a":0,"k":[0.3333,0,0,1],"ix":3},"_render":true},{"ty":"tr","a":{"a":0,"k":[0,0],"ix":1},"s":{"a":0,"k":[100,100],"ix":3},"sk":{"a":0,"k":0,"ix":4},"p":{"a":0,"k":[0,0],"ix":2},"r":{"a":0,"k":0,"ix":6},"sa":{"a":0,"k":0,"ix":5},"o":{"a":0,"k":100,"ix":7},"_render":true}],"_render":true},{"ty":"gr","bm":0,"cl":"","ln":"","hd":false,"mn":"ADBE Vector Group","nm":"Group 4","ix":4,"cix":2,"np":2,"it":[{"ty":"sh","bm":0,"cl":"","ln":"","hd":false,"mn":"ADBE Vector Shape - Group","nm":"Path 1","ix":1,"d":1,"ks":{"a":0,"k":{"c":false,"i":[[-82.829,16.187],[-61.983,183.003]],"o":[[-82.829,16.187],[-61.983,183.003]],"v":[[-82.829,16.187],[-61.983,183.003]]},"ix":2},"_render":true},{"ty":"st","bm":0,"cl":"","ln":"","hd":false,"mn":"ADBE Vector Graphic - Stroke","nm":"Stroke 1","lc":2,"lj":2,"ml":1,"o":{"a":0,"k":100,"ix":4},"w":{"a":0,"k":16,"ix":5},"d":[],"c":{"a":0,"k":[0.3333,0,0,1],"ix":3},"_render":true},{"ty":"tr","a":{"a":0,"k":[0,0],"ix":1},"s":{"a":0,"k":[100,100],"ix":3},"sk":{"a":0,"k":0,"ix":4},"p":{"a":0,"k":[0,0],"ix":2},"r":{"a":0,"k":0,"ix":6},"sa":{"a":0,"k":0,"ix":5},"o":{"a":0,"k":100,"ix":7},"_render":true}],"_render":true},{"ty":"gr","bm":0,"cl":"","ln":"","hd":false,"mn":"ADBE Vector Group","nm":"Group 5","ix":5,"cix":2,"np":2,"it":[{"ty":"sh","bm":0,"cl":"","ln":"","hd":false,"mn":"ADBE Vector Shape - Group","nm":"Path 1","ix":1,"d":1,"ks":{"a":0,"k":{"c":true,"i":[[123.735,183.003],[-123.81,183.003],[-163.926,16.219],[163.944,16.219]],"o":[[123.735,183.003],[-123.81,183.003],[-163.926,16.219],[163.944,16.219]],"v":[[123.735,183.003],[-123.81,183.003],[-163.926,16.219],[163.944,16.219]]},"ix":2},"_render":true},{"ty":"st","bm":0,"cl":"","ln":"","hd":false,"mn":"ADBE Vector Graphic - Stroke","nm":"Stroke 1","lc":2,"lj":2,"ml":1,"o":{"a":0,"k":100,"ix":4},"w":{"a":0,"k":16,"ix":5},"d":[],"c":{"a":0,"k":[0.3333,0,0,1],"ix":3},"_render":true},{"ty":"tr","a":{"a":0,"k":[0,0],"ix":1},"s":{"a":0,"k":[100,100],"ix":3},"sk":{"a":0,"k":0,"ix":4},"p":{"a":0,"k":[0,0],"ix":2},"r":{"a":0,"k":0,"ix":6},"sa":{"a":0,"k":0,"ix":5},"o":{"a":0,"k":100,"ix":7},"_render":true}],"_render":true},{"ty":"gr","bm":0,"cl":"","ln":"","hd":false,"mn":"ADBE Vector Group","nm":"Group 6","ix":6,"cix":2,"np":2,"it":[{"ty":"sh","bm":0,"cl":"","ln":"","hd":false,"mn":"ADBE Vector Shape - Group","nm":"Path 1","ix":1,"d":1,"ks":{"a":0,"k":{"c":true,"i":[[177.081,16.219],[-171.381,16.219],[-181.701,11.599],[-181.701,-19.29],[-177.081,-29.61],[171.381,-29.61],[181.701,-24.99],[181.701,5.899]],"o":[[171.381,16.219],[-177.081,16.219],[-181.701,5.899],[-181.701,-24.99],[-171.381,-29.61],[177.081,-29.61],[181.701,-19.29],[181.701,11.599]],"v":[[171.381,16.219],[-171.381,16.219],[-181.701,5.899],[-181.701,-19.29],[-171.381,-29.61],[171.381,-29.61],[181.701,-19.29],[181.701,5.899]]},"ix":2},"_render":true},{"ty":"st","bm":0,"cl":"","ln":"","hd":false,"mn":"ADBE Vector Graphic - Stroke","nm":"Stroke 1","lc":2,"lj":2,"ml":1,"o":{"a":0,"k":100,"ix":4},"w":{"a":0,"k":16,"ix":5},"d":[],"c":{"a":0,"k":[0.3333,0,0,1],"ix":3},"_render":true},{"ty":"tr","a":{"a":0,"k":[0,0],"ix":1},"s":{"a":0,"k":[100,100],"ix":3},"sk":{"a":0,"k":0,"ix":4},"p":{"a":0,"k":[0,0],"ix":2},"r":{"a":0,"k":0,"ix":6},"sa":{"a":0,"k":0,"ix":5},"o":{"a":0,"k":100,"ix":7},"_render":true}],"_render":true}],"ind":3,"parent":0,"completed":true},{"ty":4,"nm":"Holder","mn":"","sr":1,"st":0,"op":50,"ip":0,"hd":false,"cl":"","ln":"","ddd":0,"bm":0,"tt":0,"hasMask":false,"td":0,"ao":0,"ks":{"a":{"a":0,"k":[0,0,0],"ix":1},"s":{"a":0,"k":[100,100,100],"ix":6},"sk":{"a":0,"k":0},"p":{"a":0,"k":[0,0,0],"ix":2},"sa":{"a":0,"k":0},"o":{"a":0,"k":100,"ix":11},"r":{"a":0,"k":0,"ix":10}},"ef":[],"shapes":[{"ty":"gr","bm":0,"cl":"","ln":"","hd":false,"mn":"ADBE Vector Group","nm":"Group 1","ix":1,"cix":2,"np":2,"it":[{"ty":"sh","bm":0,"cl":"","ln":"","hd":false,"mn":"ADBE Vector Shape - Group","nm":"Path 1","ix":1,"d":1,"ks":{"a":1,"k":[{"o":{"x":0.167,"y":0.167},"i":{"x":0.833,"y":0.833},"s":[{"c":false,"i":[[125.533,-29.625],[68.045,-138.21]],"o":[[125.533,-29.625],[68.045,-138.21]],"v":[[125.533,-29.625],[68.045,-138.21]]}],"t":2},{"o":{"x":0.167,"y":0.167},"i":{"x":0.833,"y":0.833},"s":[{"c":false,"i":[[125.533,-29.625],[151.045,-153.21]],"o":[[125.533,-29.625],[151.045,-153.21]],"v":[[125.533,-29.625],[151.045,-153.21]]}],"t":8},{"o":{"x":0.167,"y":0.167},"i":{"x":0.833,"y":0.833},"s":[{"c":false,"i":[[125.533,-29.625],[151.045,-153.21]],"o":[[125.533,-29.625],[151.045,-153.21]],"v":[[125.533,-29.625],[151.045,-153.21]]}],"t":21},{"o":{"x":0.167,"y":0.167},"i":{"x":0.833,"y":0.833},"s":[{"c":false,"i":[[125.533,-29.625],[68.045,-138.21]],"o":[[125.533,-29.625],[68.045,-138.21]],"v":[[125.533,-29.625],[68.045,-138.21]]}],"t":29}],"ix":2},"_render":true},{"ty":"st","bm":0,"cl":"","ln":"","hd":false,"mn":"ADBE Vector Graphic - Stroke","nm":"Stroke 1","lc":2,"lj":2,"ml":1,"o":{"a":0,"k":100,"ix":4},"w":{"a":0,"k":16,"ix":5},"d":[],"c":{"a":0,"k":[1,0.5569,0.2275,1],"ix":3},"_render":true},{"ty":"tr","a":{"a":0,"k":[0,0],"ix":1},"s":{"a":0,"k":[100,100],"ix":3},"sk":{"a":0,"k":0,"ix":4},"p":{"a":0,"k":[0,0],"ix":2},"r":{"a":0,"k":0,"ix":6},"sa":{"a":0,"k":0,"ix":5},"o":{"a":0,"k":100,"ix":7},"_render":true}],"_render":true},{"ty":"gr","bm":0,"cl":"","ln":"","hd":false,"mn":"ADBE Vector Group","nm":"Group 2","ix":2,"cix":2,"np":2,"it":[{"ty":"sh","bm":0,"cl":"","ln":"","hd":false,"mn":"ADBE Vector Shape - Group","nm":"Path 1","ix":1,"d":1,"ks":{"a":1,"k":[{"o":{"x":0.167,"y":0.167},"i":{"x":0.833,"y":0.833},"s":[{"c":false,"i":[[-125.599,-29.625],[-68.111,-138.21]],"o":[[-125.599,-29.625],[-68.111,-138.21]],"v":[[-125.599,-29.625],[-68.111,-138.21]]}],"t":2},{"o":{"x":0.167,"y":0.167},"i":{"x":0.833,"y":0.833},"s":[{"c":false,"i":[[-125.599,-29.625],[-161.111,-152.21]],"o":[[-125.599,-29.625],[-161.111,-152.21]],"v":[[-125.599,-29.625],[-161.111,-152.21]]}],"t":8},{"o":{"x":0.167,"y":0.167},"i":{"x":0.833,"y":0.833},"s":[{"c":false,"i":[[-125.599,-29.625],[-161.111,-152.21]],"o":[[-125.599,-29.625],[-161.111,-152.21]],"v":[[-125.599,-29.625],[-161.111,-152.21]]}],"t":21},{"o":{"x":0.167,"y":0.167},"i":{"x":0.833,"y":0.833},"s":[{"c":false,"i":[[-125.599,-29.625],[-68.111,-138.21]],"o":[[-125.599,-29.625],[-68.111,-138.21]],"v":[[-125.599,-29.625],[-68.111,-138.21]]}],"t":29}],"ix":2},"_render":true},{"ty":"st","bm":0,"cl":"","ln":"","hd":false,"mn":"ADBE Vector Graphic - Stroke","nm":"Stroke 1","lc":2,"lj":2,"ml":1,"o":{"a":0,"k":100,"ix":4},"w":{"a":0,"k":16,"ix":5},"d":[],"c":{"a":0,"k":[1,0.5569,0.2275,1],"ix":3},"_render":true},{"ty":"tr","a":{"a":0,"k":[0,0],"ix":1},"s":{"a":0,"k":[100,100],"ix":3},"sk":{"a":0,"k":0,"ix":4},"p":{"a":0,"k":[0,0],"ix":2},"r":{"a":0,"k":0,"ix":6},"sa":{"a":0,"k":0,"ix":5},"o":{"a":0,"k":100,"ix":7},"_render":true}],"_render":true}],"ind":4,"parent":3,"completed":true},{"ty":3,"nm":"Zero | Stroke width- Color Ctrl","mn":"","sr":1,"st":0,"op":50,"ip":0,"hd":false,"cl":"","ln":"","ddd":0,"bm":0,"tt":0,"hasMask":false,"td":0,"ao":0,"ks":{"a":{"a":0,"k":[0,0,0],"ix":1},"s":{"a":0,"k":[100,100,100],"ix":6},"sk":{"a":0,"k":0},"p":{"a":0,"k":[250,250,0],"ix":2},"sa":{"a":0,"k":0},"o":{"a":0,"k":0,"ix":11},"r":{"a":0,"k":0,"ix":10}},"ef":[],"ind":5,"completed":true}],"ddd":0,"h":500,"w":500,"meta":{"a":"","k":"","d":"","g":"LottieFiles AE ","tc":"#ffffff"},"v":"4.8.0","fr":25,"op":50,"ip":0,"assets":[{"nm":"","mn":"","layers":[{"ty":4,"nm":"Product 3","mn":"","sr":1,"st":0,"op":50,"ip":0,"hd":false,"cl":"","ln":"","ddd":0,"bm":0,"tt":0,"hasMask":false,"td":0,"ao":0,"ks":{"a":{"a":0,"k":[-78.5,-47,0],"ix":1},"s":{"a":0,"k":[100,100,100],"ix":6},"sk":{"a":0,"k":0},"p":{"a":1,"k":[{"o":{"x":0.167,"y":0},"i":{"x":0.46,"y":1},"s":[127.5,298,0],"t":12},{"o":{"x":0.167,"y":0},"i":{"x":0.46,"y":1},"s":[127.5,196,0],"t":21.385},{"o":{"x":0.167,"y":0.167},"i":{"x":0.833,"y":0.833},"s":[127.5,278,0],"t":31}],"ix":2},"sa":{"a":0,"k":0},"o":{"a":0,"k":100,"ix":11},"r":{"a":0,"k":0,"ix":10}},"ef":[],"shapes":[{"ty":"gr","bm":0,"cl":"","ln":"","hd":false,"mn":"ADBE Vector Group","nm":"Shape 1","ix":1,"cix":2,"np":3,"it":[{"ty":"sh","bm":0,"cl":"","ln":"","hd":false,"mn":"ADBE Vector Shape - Group","nm":"Path 1","ix":1,"d":1,"ks":{"a":0,"k":{"c":true,"i":[[-75,-82],[-105,-20],[-52,-12]],"o":[[-75,-82],[-105,-20],[-52,-12]],"v":[[-75,-82],[-105,-20],[-52,-12]]},"ix":2},"_render":true},{"ty":"st","bm":0,"cl":"","ln":"","hd":false,"mn":"ADBE Vector Graphic - Stroke","nm":"Stroke 1","lc":2,"lj":2,"ml":1,"o":{"a":0,"k":100,"ix":4},"w":{"a":0,"k":16,"ix":5},"d":[],"c":{"a":0,"k":[0.3333,0,0,1],"ix":3},"_render":true},{"ty":"tr","a":{"a":0,"k":[0,0],"ix":1},"s":{"a":0,"k":[100,100],"ix":3},"sk":{"a":0,"k":0,"ix":4},"p":{"a":0,"k":[0,0],"ix":2},"r":{"a":0,"k":0,"ix":6},"sa":{"a":0,"k":0,"ix":5},"o":{"a":0,"k":100,"ix":7},"_render":true}],"_render":true}],"ind":0,"completed":true},{"ty":4,"nm":"Product 1","mn":"","sr":1,"st":0,"op":50,"ip":0,"hd":false,"cl":"","ln":"","ddd":0,"bm":0,"tt":0,"hasMask":false,"td":0,"ao":0,"ks":{"a":{"a":0,"k":[0,0,0],"ix":1},"s":{"a":0,"k":[100,100,100],"ix":6},"sk":{"a":0,"k":0},"p":{"a":1,"k":[{"o":{"x":0.54,"y":0},"i":{"x":0.46,"y":1},"s":[255,337,0],"t":9.846},{"o":{"x":0.167,"y":0},"i":{"x":0.46,"y":1},"s":[282,206,0],"t":19.462},{"o":{"x":0.167,"y":0.167},"i":{"x":0.833,"y":0.833},"s":[282,345,0],"t":31}],"ix":2},"sa":{"a":0,"k":0},"o":{"a":0,"k":100,"ix":11},"r":{"a":0,"k":0,"ix":10}},"ef":[],"shapes":[{"ty":"gr","bm":0,"cl":"","ln":"","hd":false,"mn":"ADBE Vector Group","nm":"Shape 1","ix":1,"cix":2,"np":3,"it":[{"ty":"sh","bm":0,"cl":"","ln":"","hd":false,"mn":"ADBE Vector Shape - Group","nm":"Path 1","ix":1,"d":1,"ks":{"a":0,"k":{"c":true,"i":[[94.075,-46.236999999999995],[1,-113],[25,71],[87,42]],"o":[[65,-127],[-2.0389999999999997,-47.663],[25,71],[87,42]],"v":[[83,-77],[-1,-70],[25,71],[87,42]]},"ix":2},"_render":true},{"ty":"st","bm":0,"cl":"","ln":"","hd":false,"mn":"ADBE Vector Graphic - Stroke","nm":"Stroke 1","lc":1,"lj":1,"ml":4,"o":{"a":0,"k":100,"ix":4},"w":{"a":0,"k":16,"ix":5},"d":[],"c":{"a":0,"k":[0.3333,0,0,1],"ix":3},"_render":true},{"ty":"tr","a":{"a":0,"k":[0,0],"ix":1},"s":{"a":0,"k":[100,100],"ix":3},"sk":{"a":0,"k":0,"ix":4},"p":{"a":0,"k":[0,0],"ix":2},"r":{"a":0,"k":0,"ix":6},"sa":{"a":0,"k":0,"ix":5},"o":{"a":0,"k":100,"ix":7},"_render":true}],"_render":true}],"ind":1,"completed":true},{"ty":4,"nm":"Product 2","mn":"","sr":1,"st":0,"op":50,"ip":0,"hd":false,"cl":"","ln":"","ddd":0,"bm":0,"tt":0,"hasMask":false,"td":0,"ao":0,"ks":{"a":{"a":0,"k":[-53,50,0],"ix":1},"s":{"a":0,"k":[100,100,100],"ix":6},"sk":{"a":0,"k":0},"p":{"a":1,"k":[{"o":{"x":0.54,"y":0},"i":{"x":0.46,"y":1},"s":[233,297,0],"t":6},{"o":{"x":0.54,"y":0},"i":{"x":0.46,"y":1},"s":[226,154,0],"t":15.615},{"o":{"x":0.167,"y":0.167},"i":{"x":0.833,"y":0.833},"s":[226,283,0],"t":31}],"ix":2},"sa":{"a":0,"k":0},"o":{"a":0,"k":100,"ix":11},"r":{"a":0,"k":0,"ix":10}},"ef":[],"shapes":[{"ty":"gr","bm":0,"cl":"","ln":"","hd":false,"mn":"ADBE Vector Group","nm":"Ellipse 1","ix":1,"cix":2,"np":3,"it":[{"ty":"el","bm":0,"cl":"","ln":"","hd":false,"mn":"ADBE Vector Shape - Ellipse","nm":"Ellipse Path 1","d":1,"p":{"a":0,"k":[0,0],"ix":3},"s":{"a":0,"k":[110,110],"ix":2},"_render":true},{"ty":"st","bm":0,"cl":"","ln":"","hd":false,"mn":"ADBE Vector Graphic - Stroke","nm":"Stroke 1","lc":1,"lj":1,"ml":4,"o":{"a":0,"k":100,"ix":4},"w":{"a":0,"k":16,"ix":5},"d":[],"c":{"a":0,"k":[1,0.5569,0.2275,1],"ix":3},"_render":true},{"ty":"tr","a":{"a":0,"k":[0,0],"ix":1},"s":{"a":0,"k":[100,100],"ix":3},"sk":{"a":0,"k":0,"ix":4},"p":{"a":0,"k":[-53,50],"ix":2},"r":{"a":0,"k":0,"ix":6},"sa":{"a":0,"k":0,"ix":5},"o":{"a":0,"k":100,"ix":7},"_render":true}],"_render":true}],"ind":2,"completed":true}],"id":"comp_0","fr":30}],"__complete":true}